name,phone,email,address
ABC School of English,+44 (0)20 7229 7222,info@abcschool.co.uk,"ABC School of English, 46 Oxford Street, London, W1D 1AN"
ANGLO,+44 (0)20 7242 1192,info@anglo.uk.com,"ANGLO, 48 Cambridge Gardens, London, W10 5AA, UK"
Abbey College in Malvern,+44 (0)1684 892341,enquiries@abbeycollege.com,"Abbey College, Albert Road North, Malvern, Worcestershire, WR14 2YH"
Al Hayat International Languages,+44 20 8617 8844,info@alhayat.co.uk,"Al Hayat International Languages
71-75 Shelton Street
Covent Garden
London
WC2H 9JQ"
Alpadia Language Camps by Kaplan International (Head office London),+44 (0)20 7499 0556,info@alpadia.com,"2nd floor, Portland House, 4 Great Portland Street, London, W1W 8QJ, UK"
Always be Compassionate (ABC),,,
Anglia Ruskin University,+44 (0)1245 686868,,"Bishop Hall Lane, Chelmsford, Essex, CM1 1SQ, UK"
Anglo-Continental School of English,+44 1202 557441,info@anglo-continental.com,"Anglo-Continental School of English
29-35 Wimborne Road
Bournemouth
BH2 6NA"
Anglotec Academy (Anglolang Academy of English),+44 (0)1723 364164,study@anglolang.com,"Anglolang Academy of English, 32-33 Queen's Parade, Scarborough, North Yorkshire, YO12 7JB, UK"
Ardmore Language School,+44 (0)20 8515 9500,admissions@ardmore.org.uk,"Ardmore Language Schools, Head Office, 4th Floor, 14-18 Holborn, London, EC1N 2LE, UK"
Ardmore Language Schools,+44 (0)20 8515 0955,info@ardmorelanguage.com,"25 Nutford Place, London, W1H 5YN, UK"
Atlas Language School,+44 (0) 330 058 3030,info@atlaslanguageschool.com,"91-93 Oxford Street, London, W1D 2DA"
BEET Language Centre,+44 (0)1202 421771,info@beet.co.uk,"BEET Language Centre, 29A Christchurch Road, Bournemouth, Dorset, BH1 3NS, UK"
BEST in Bath,+44 (0)1225 483888,info@bestinbath.co.uk,"4 Trim Street, Bath, BA1 1HD, UK"
BLISS,+44 (0) 1752 225 049,info@blissenglish.com,"145 Armada Way, Plymouth, Devon, PL1 1HY, UK"
BLS English,+44 1273 457733,info@blsenglish.co.uk,"BLS English
45 Churchill Square
Brighton
East Sussex
BN1 2ER"
BSC Education Brighton,+44 (0)1273 682101,brighton@bsceducation.com,"BSC Brighton, 1 Billinton Way, Brighton, BN1 4GQ, UK"
BSC Education Edinburgh,+44 (0)131 226 4488,enquiries@bsced.co.uk,"BSC Education Edinburgh, 29 St James's Place, Edinburgh, EH1 3JD, UK"
BSC Education London,+44 (0)20 7351 0578,enquiries@bsceducation.com,"50 Red Lion Street, London, WC1R 4PF, UK"
BSC Education Manchester,+44 (0)161 233 4220,enquiries@bsced.co.uk,"BSC Education Manchester, Portland Street, Manchester, M1 3LF, UK"
BSC Education York,,,
BSC Education Young Learners (Head office Birkenhead),+44 (0)151 666 1177,younglearners@bsceducation.com,"3rd Floor, 9 Hamilton Square, Birkenhead, CH41 6AU"
Bath Academy,+44 (0)1225 334577,enquiries@bathacademy.co.uk,"Bath Academy, Brook House, 5 Brook Road, Bath, BA1 3LQ, UK"
Bath College,+44 1225 312191,enquiries@bathcollege.ac.uk,"Bath College
Avon Street
Bath
BA1 1UP"
Bayswater College,+44 (0)20 7723 0471,info@bayswater.ac,"Bayswater College, 4 Stanhope Terrace, London W2 2HB, United Kingdom"
Bede's Summer School,+44 (0)1323 433030,enquiries@bedes.org,"Upper Dicker, Hailsham, East Sussex, BN27 3QH"
Belfast Metropolitan College,+44 28 9026 5150,info@belfastmet.ac.uk,"Belfast Metropolitan College
Titanic Quarter Campus
7 Queens Road
Belfast
BT3 9DT"
Bell Cambridge,+44 (0)1223 247242,enquiries@bellenglish.com,"Bell Cambridge, Red Cross Lane, Cambridge, CB2 0QU, UK"
Bell London,+44 (0)20 7229 3676,london@bellenglish.com,"Bell London, 1 Red Lion Square, London WC1R 4HQ, UK"
Bell Young Learners - St Albans year round Hertfordshire,,,
Berlitz London,+44 (0)20 7915 0360,london@berlitz.co.uk,"Berlitz London, 9 Henrietta Place, London, W1G 0NB"
Berlitz Manchester,+44 (0)161 228 3607,manchester@berlitz.co.uk,"5th Floor, Barton Arcade, Deansgate, Manchester, M3 2BB"
Birmingham School of English,+44 (0)121 632 4562,info@birminghamschool.com,"95-97 New Street, Birmingham, B2 4EQ, UK"
Bishopstrow College,+44 (0)1985 212482,admissions@bishopstrow.com,"Bishopstrow, Warminster, Wiltshire, BA12 9HE, UK"
Bournemouth City College,,,
Bournemouth School of English (The),+44 (0)1202 557736,info@bse.ac,"The Bournemouth School of English, 41-45 Southbourne Grove, Bournemouth, Dorset, BH6 3QT, UK"
Bright School of English,+44 (0)1273 697077,info@bright-english.com,"Bright School of English, 9 Ventnor Villas, Hove, BN3 3DD"
Brighton Language College International,+44 (0)1273 727407,info@blc-international.com,"Brighton Language College International, 99 Preston Road, Brighton, BN1 2PT"
Britannia English Academy,+44 (0)141 332 3808,info@britanniaenglish.com,"30 Great Western Road, Glasgow, G4 9JB"
Britannia School of English,+44 (0) 121 236 1288,info@britanniaschool.com,"85 Newhall Street, Birmingham, B3 1LH"
British Learning Academy,,,
British School of Marketing International,,,
British Summer School,,,
Broadstairs English Centre,+44 (0)1843 866171,info@broadstairsenglish.com,"Broadstairs English Centre, 45-51 High Street, Broadstairs, Kent, CT10 1JL"
Brooke House College,+44 (0)1858 462451,enquiries@brookehouse.com,"Market Harborough, Leicestershire, LE16 7AU"
Brunel University,+44 (0)1895 266003,,"Kingston Lane, Uxbridge, UB8 3PH"
Bucksmore Education Multicentre (Head office - London) ,+44 (0)20 7099 0500,info@bucksmore.com,"Bucksmore Education, 49-51 Central Street, London, EC1V 8AB"
Buckswood Overseas Summer School,+44 (0) 1424 437600,admissions@buckswood.co.uk,"Buckswood School, Rye Road, Guestling, Hastings, East Sussex, TN35 4LT, UK"
Burlington School of English,+44 (0)20 7734 1715,info@burlingtonschool.com,"51 Holland Park, London, W11 3RS, UK"
CELT - Centre for English Language Teaching,+44 (0)1752 587800,CELT@plymouth.ac.uk,"University of Plymouth, Drake Circus, Plymouth, PL4 8AA, UK"
CIE College of International Education,+44 (0)1202 767400,info@cie-bournemouth.co.uk,"CIE College of International Education, 1A Branksome Road, Bournemouth, Dorset, BH4 9DB, UK"
CLAN Language Schools Ltd,+44 1244 671770,info@clanlanguages.co.uk,"CLAN Language Schools Ltd
The Old Bank
63 Watergate Street
Chester
CH1 2LA"
Cambridge Academy of English,+44 (0)1223 311131,info@cambridgeacademy.co.uk,"Cambridge Academy of English, 45 Cherry Hinton Road, Cambridge CB1 8BS, UK"
Cambridge Centre for Languages,+44 (0)1223 246010,enquiries@ccl-cambridge.com,"Cambridge Centre for Languages, 88 Cherry Hinton Road, Cambridge CB1 7AJ, UK"
Canterbury Christ Church University,+44 1227 921111,,"Canterbury Christ Church University
North Holmes Road
Canterbury
Kent
CT1 1QU"
Capital School of English,+44 (0)20 7242 7575,info@capitalschool.com,"52 Red Lion Street, London, WC1R 4PF"
Cardiff and Vale College International,+44 (0)29 2025 0360,international@cavc.ac.uk,"Cardiff and Vale College International, Dumballs Road, Cardiff, CF11 6TX, UK"
Castle School of English,+44 (0)1206 870171,info@castleschool.com,"Castle School of English, 14 North Hill, Colchester, Essex CO1 1DZ, UK"
Cavendish School of English,+44 (0)1227 453241,enquiries@cavendishschool.com,"10-12 Cavendish Street, Canterbury, Kent, CT1 2DY, UK"
Celtic English Academy,+44 (0)29 2034 4800,learn@celticenglish.co.uk,"Celtic English Academy, 14-16 Dumfries Place, Cardiff CF10 3HJ, UK"
Central Language School,+44 (0)20 7491 1666,info@centrallanguageschool.com,"Central Language School, 27A Charles Street, Mayfair, London, W1J 5DT"
Centre of English Studies,+44 1865 249621,oxford@ces-schools.com,"Centre of English Studies
101 Banbury Road
Oxford
OX2 6JY"
Chaucer College,+44 (0)1227 810400,enquiries@chaucercollege.com,"Chaucer College Canterbury, Sturry Hill, Canterbury, Kent CT2 0AJ, UK"
Chichester College,+44 (0)1243 786321,info@chichester.ac.uk,"Chichester College, Westgate Fields, Chichester, West Sussex, PO19 1SB, UK"
Choices International,+44 20 7221 0480,info@choices-international.com,"Choices International
2nd Floor, 14-15 Conduit Street
London
WIS 2XJ"
Churchill House School of English Language,+44 (0)1843 866266,info@churchillhouse.com,"Churchill House School of English Language, 40-42 Holmewoods, Broadstairs, Kent, CT10 3JS"
Churchill House Summer Centres,+44 (0) 1843 852222,info@churchillhouse.com,"40 Churchill Square, Ramsgate, Kent, CT11 9HL, UK"
City School of Languages,+44 (0)29 2022 7666,info@cityschooloflanguages.co.uk,"39-41 Queen Street, Cardiff, CF10 2AU"
City of Glasgow College,+44 141 375 5191,info@cityofglasgowcollege.ac.uk,"190 Cathedral Street, Glasgow, G4 0RF, UK"
Community Revival,,,
Concorde International,+44 (0)1227 451035,info@concorde-int.com,"Concorde International, Sturry Road, Canterbury, Kent, CT1 1PT"
Concorde International Summer School,+44 (0)1227 451035,info@concorde-int.com,"Concorde International Summer School, Radnor Chambers, Cheriton Place, Folkestone, Kent CT20 1BB, UK"
Cotswold International Language School,+44 (0)1242 255344,enquiries@cotswoldint.com,"Cotswold International Language School, Standish House, Stonehouse, Gloucestershire, GL10 3DF, UK"
Country Cousins,,,
De Montfort University,+44 (0)116 255 1551,enquiries@dmu.ac.uk,"The Gateway, Leicester, LE1 9BH, UK"
Didac School,,,
Discovery Summer,+44 (0)20 7225 3155,info@discoverysummer.co.uk,"Discovery Summer, 44 Redcliffe Road, London, SW10 9NJ"
Docklands Academy,+44 (0)20 7531 0020,info@docklandsacademy.co.uk,"Docklands Academy London, 153-157 East India Dock Road, London, E14 0EA"
EC Brighton,+44 (0)1273 677150,brighton@ecenglish.com,"EC Brighton, 125 Queens Road, Brighton, BN1 3WB, UK"
EC Bristol,+44 117 929 1552,enquiries@ecenglish.com,"EC Bristol, 51 Corn Street, Bristol BS1 1HT, UK"
EC Cambridge,+44 1223 341532,info@ecenglish.com,"EC Cambridge
14 Station Road
Cambridge
CB1 2J"
EC Young Learners,,,
ECS,,,
ECS Scotland,+44 (0)131 557 0400,info@ecsscotland.co.uk,"ECS Scotland, 21 Melville Street, Edinburgh EH3 7PE, UK"
EF Bournemouth,+44 (0)1202 293636,,"EF Bournemouth, 29-35 Holdenhurst Road, Bournemouth, BH8 8EH"
EF Brighton,+44 (0)1273 687472,,"EF Brighton, Embassy House, Brighton, BN1 3WB"
EF Bristol,+44 (0)117 927 1491,efbristol@ef.com,"1 Clifton, Bristol, BS8 1LY, UK"
EF Cambridge,+44 (0)1223 302711,,"EF Cambridge, EF International Language Centre, 129 Hills Road, Cambridge, CB2 1PG, UK"
EF Eastbourne,+44 (0)1323 725925,eastbourne@ef.com,"EF Eastbourne, 22-24 Grand Parade, Eastbourne, East Sussex, BN21 4DN, UK"
EF London,,,
EF Manchester,+44 (0)161 273 1713,manchester@ef.com,"EF Manchester, 49 Peter Street, Manchester M2 3NG, UK"
EF Oxford,+44 (0)1865 249121,,"EF Oxford, 101 Banbury Road, Oxford, OX2 6JY"
ELAC Study Vacations,+44 1273 206727,info@elac.co.uk,"ELAC Study Vacations
Third Floor, 8-9 Ship Street
Brighton
BN1 1AD"
ELC Brighton,+44 (0)1273 673131,info@elc-brighton.co.uk,"50 Norfolk Square, Brighton, BN1 2PA"
ELC Bristol,+44 117 924 1400,info@elcbristol.co.uk,"ELC Bristol
50 Pembroke Road
Clifton
Bristol
BS8 3BA"
ELC Chester,+44 (0)1244 313134,info@elcchester.co.uk,"English Language Centre Chester, 9-11 Stanley Place, Chester, CH1 2LU, UK"
ES London London ,+44 (0)20 7680 4700,info@eslondon.co.uk,"283 Gray's Inn Road, London, WC1X 8QF"
ETC International College,+44 (0)1202 291877,info@etc-inter.net,"45 West Hill Road, Bournemouth, Dorset, BH2 5HH"
Eagle International School,+44 (0)20 7249 7832,info@eagle-school.co.uk,"Eagle International School, 36-38 Willesden Lane, London, NW6 7ST"
Earlscliffe College,+44 (0)1797 225391,enquiries@earlscliffe.com,"Earlscliffe, Shorncliffe Road, Folkestone, Kent, CT20 2QF, UK"
East London Community College,,,
East Midlands School of Business & Management (ESBM),+44 (0)115 870 0468,info@emsbm.co.uk,"East Midlands School of Business & Management (ESBM), 17 Stoney Street, Nottingham, NG1 1LP, UK"
East Sussex College,,,
Edinburgh College,,,
Edwards Language School,,,
Embassy Summer,,,
Emerald Cultural Institute,,,
EngXcel Ltd,,,
English Language House,+44 (0)1273 721900,info@elh.uk.com,"English Language House, 9-11 Ventnor Villas, Hove, BN3 3DD, UK"
English Path,+44 (0)20 7602 4222,info@englishpath.com,"English Path London, 1-3 Rosslyn Road, Twickenham, London, TW1 2AR"
English in Margate,,,
English in Totnes,+44 (0)1803 866003,info@englishintotnes.co.uk,"English in Totnes, 10a The Plains, Totnes, Devon TQ9 5DD, UK"
English in York,+44 (0)1904 624405,info@english-in-york.co.uk,"English in York, 57 Nunnery Lane, York, YO23 1AB, UK"
Etherton Education,+44 (0)1727 845145,info@etherton.co.uk,"Unit 4, Veridion Way, Errington Business Park, St Albans, AL2 2LS, UK"
Europa School of English Junior Programmes,+44 (0)1892 783500,info@europaschool.co.uk,"Europa School of English Junior Programmes, Kent College Pembury, Pembury, Tunbridge Wells, Kent TN2 4AX, UK"
Europa School of English year round,+44 1843 570030,info@europaschool.co.uk,"Europa School of English year round
26 Thanet Road
Margate
Kent
CT9 1TW"
Eurospeak Language School,+44 (0)118 958 9599,info@eurospeak.ac.uk,"59-61 Queens Road, Reading, Berkshire, RG1 4EH"
Eurospeak Language School Southampton ,+44 (0)23 8023 2444,enquiries@eurospeak.ac.uk,"Eurospeak Language School Southampton, 10 College Place, London Road, Southampton, SO15 2FE, UK"
Express English College,+44 (0)20 7242 7595,info@expressenglish.co.uk,"Express English College, Holborn House, 49-50 Eagle Wharf Road, London, N1 7ED, UK"
Exsportise,+44 (0)1444 447575,info@exsportise.co.uk,"Unit 8, Bridge Road Business Park, Haywards Heath, West Sussex, RH16 1UA, UK"
Fettes Centre for Language and Culture,+44 (0)131 311 6770,info@fetteslanguage.co.uk,"Fettes Centre for Language and Culture, Fettes College, Carrington Road, Edinburgh, EH4 1QX"
Find Education,+44 (0)1732 771772,info@findeducation.co.uk,"The Old School House, High Street, Sevenoaks, Kent, TN13 1XE"
Foyle International,+44 (0)28 7126 8248,info@foyle.eu,"Foyle International, 43a Northland Road, Derry/Londonderry, BT48 7ND"
Frances King School of English,+44 (0)20 7730 8466,info@francesking.com,"Frances King School of English, 19 Gloucester Road, London, SW7 4RA"
Future Learning,,,
GG College,+44 (0)20 3962 5040,info@ggcollege.co.uk,"GG College, 207 Regent Street, London, W1B 3HH"
Glasgow School of English,+44 (0)141 334 0080,info@glasgowschoolofenglish.com,"Glasgow School of English, 215 West George Street, Glasgow, G2 2LW"
Globe English Centre,+44 (0)1392 272552,info@globeenglish.co.uk,"Globe English Centre, 22 Southernhay West, Exeter EX1 1PR, UK"
HIL Liverpool,+44 (0)151 709 7277,info@hilleeds.com,"3rd Floor, 10-12 Stanley Street, Liverpool, L1 6AF, UK"
Harrow School Short Courses,,,
Heathfield Summer School,,,
Hello! Exmouth (Formerly Mountlands Language School),+44 (0)1395 273984,info@helloexmouth.co.uk,"Hello! Exmouth, 10-12 Rolle Street, Exmouth, Devon, EX8 2AA, UK"
Hilderstone College,+44 1843 861771,enquiries@hilderstone.ac.uk,"Hilderstone College
St Peter's Road
Broadstairs
Kent
CT10 2AQ"
ILC Birmingham (International Language Centres) (Formerly TEG English Birmingham),+44 121 643 4433,info@ilcenglish.com,"Guildhall Buildings, Navigation Street, Birmingham B2 4BT, UK"
ILC Bristol (International Language Centres) (Formerly TEG English Bristol),+44 117 929 2222,bristol@ilcenglish.com,"Westgate Buildings, 38 College Green, Bristol BS1 5ST, UK"
ILC Colchester (International Language Centres)(Formerly Colchester English Study Centre (CESC),+44 (0)1206 562244,info@ilccolchester.com,"ILC Colchester (International Language Centres), 19 Lexden Road, Colchester, Essex CO3 3PW, UK"
ILC Portsmouth (International Language Centres) (Formerly TEG English Portsmouth),+44 23 9229 1144,portsmouth@ilcenglish.com,"11 St James's Rd, Southsea, Portsmouth PO5 4JB, UK"
INTO Manchester,+44 (0)161 275 2950,intomanchester@intoglobal.com,"INTO Manchester, Cavendish Street, Manchester, M15 6BG, UK"
INTO Queen's University Belfast,+44 (0)28 9097 6262,intoadmissions@qub.ac.uk,"INTO Queen's University Belfast, Queen's University Belfast, Belfast BT7 1NN, UK"
ISCA School of English (The),+44 (0)1392 271281,info@isca-exeter.co.uk,"ISCA School of English, 1 Mount Radford Crescent, Exeter, Devon, EX2 4EW"
Imperial English UK (formerly Birmingham College,+44 (0)121 643 4433,info@imperial-english.co.uk,"Imperial English UK, The McLaren Building, 46 The Priory Queensway, Birmingham B4 7LR, UK"
Influential English,,,
Ingla School of English,+44 (0)1273 697000,info@ingla.co.uk,"18-19 Marlborough Place, Brighton, BN1 1UB"
Inlingua,+44 (0)20 7629 9491,london@inlingua.com,"Inlingua, 53 Davies Street, Mayfair, London, W1K 5JH"
Interactive English Language School,+44 (0)1273 722271,info@ielanguages.co.uk,"Interactive English Language School, 3 Brunswick Square, Hove, East Sussex BN3 1EE, UK"
International Colleagues School of English,+44 (0)161 273 2277,info@icschool.co.uk,"International Colleagues School of English, 14 Oxford Road, Manchester, M1 5QA, UK"
International House Belfast,+44 (0)28 9024 5245,info@ihbelfast.com,"International House Belfast, 20 Callender Street, Belfast, BT1 5BQ"
International House Bristol,+44 (0)117 906 0060,info@ihbristol.com,"25 St John's Road, Clifton, Bristol, BS8 2HD"
International House London,+44 (0)20 7611 2400,enquiries@ihlondon.com,"International House London, 16 Stukeley Street, London, WC2B 5LQ, UK"
International House London Young Learner Centres,+44 (0)20 7611 1738,younglearners@ihlondon.com,"16 Stukeley Street, London, WC2B 5LQ"
International House Manchester,+44 (0)161 237 3100,courses@ihmanchester.com,"International House Manchester, 46-50 Market Street, Manchester, M1 1LE"
International House Newcastle,+44 (0)191 232 9551,enquiries@ihnewcastle.com,"International House Newcastle, 67-69 Grey Street, Newcastle upon Tyne, NE1 6EF"
International House Torquay,+44 (0)1803 214466,info@ihtorquay.com,"International House Torquay, 1 Park Road, Torquay, Devon, TQ1 2AU, UK"
International Language College,+44 (0)23 8023 3505,info@ilc-southampton.co.uk,"International Language College, 4 Carlton Crescent, Southampton SO15 2EY, UK"
International Projects Centre,,,
International Student Club,,,
Intuition Languages,,,
Islington Centre for English,+44 20 7607 3733,info@ice.ac.uk,"Islington Centre for English
4-12 Penton Street
London
N1 9PS"
JoStudy English Academy,,,
KKCL,+44 (0)20 8877 1000,info@kkcl.org.uk,"Wimbledon Village, London, SW19 5EA"
Kaplan International Bath,+44 (0)1225 463652,bath@kaplan.com,"Kaplan International Bath, 5 Trim Street, Bath BA1 1HB, UK"
Kaplan International Bournemouth,+44 1202 201947,bournemouth@kaplan.com,"4-8 St Peter's Rd, Bournemouth BH1 2LF, UK"
Kaplan International Cambridge,+44 330 127 0178,,"Kaplan International Cambridge
6 Salisbury Villas
Station Road
Cambridge
CB1 2JF"
Kaplan International Edinburgh,+44 (0)131 225 2101,edinburgh@kaplan.com,"Kaplan International Edinburgh, 50 New Town Row, Edinburgh EH1 3DQ, UK"
Kaplan International Liverpool,+44 (0)151 236 9621,liverpool@kaplan.com,"Kaplan International Liverpool, 1st Floor, 42-44 Stanley Street, Liverpool L1 6AL, UK"
Kaplan International London,+44 (0)20 7935 8411,enquiries@kaplan.com,"Kaplan International Languages London, Leicester Square, 2nd Floor, 3-5 Leicester Place, London, WC2H 7JH, UK"
Kaplan International London 30+,+44 (0)20 7935 8411,,
Kaplan International Manchester,+44 (0)161 237 3133,manchester@kaplan.com,"Kaplan International Languages Manchester, 3rd Floor, Portland Tower, Portland Street, Manchester, M1 3LF, UK"
Kaplan International Oxford,+44 330 127 0179,,"Kaplan International Oxford
6 Cherwell Street
Oxford
OX1 2AZ"
Kaplan International Torquay,+44 (0)1803 209900,torquay@kaplan.com,"Haldon Road, Torquay, TQ1 2LY"
Kensington Academy of English (David Game College),+44 (0)20 7594 6880,info@kensingtonacademy.com,"David Game College, 25-27 Faraday House, 48 Old Gloucester Street, London, WC1N 3AE, UK"
Kent School of English,+44 (0)1843 591212,info@kentschoolofenglish.com,"3 Granville Gardens, Cliftonville, Margate, Kent, CT9 2BG, UK"
King's Foundations,+44 (0)1227 595666,enquiries@kingsfoundations.com,"King's Foundations, St Stephen's College, St Stephen's Hill, Canterbury, Kent, CT2 7AE"
Kingfisher Education Group,,,
Kings Brighton(Kings Education),+44 1273 587722,enquiries@kingseducation.com,"Kings Brighton(Kings Education)
25-29 Cromwell Road
Hove
BN3 3ER"
Kings Hall College,+44 (0)1823 662141,enquiries@kingshall.net,"Kings Hall School, Kingston St Mary, Taunton, Somerset, TA2 8AA"
Kings Summer Camps,+44 (0)1227 760008,enquiries@kingseducation.com,"25 New Dover Road, Canterbury, Kent, CT1 3AS"
Kings Young Learners,,,
Kingston College,+44 (0)20 8268 7440,info@kingston-college.ac.uk,"Kingston College, Kingston Hall Road, Kingston upon Thames, Surrey, KT1 2AQ, UK"
LILA,+44 (0)151 708 6888,hello@lila.co.uk,"LILA*, 82-86 Lord Street, Liverpool, L2 1TL"
LSI Brighton,+44 1273 679700,brighton@lsi.edu,"45-46 Lansdowne Place, Hove, BN3 1HF, UK"
LSI Cambridge,+44 1223 358845,cambridge@lsi.edu,"LSI Cambridge
65 Hills Road
Cambridge
CB2 1PG
England"
LSI London Central,+44 20 7299 1770,londoncentral@lsi.edu,"LSI London Central
107 Baker Street
London
W1U 6RP
England"
LSI Portsmouth,+44 23 9229 1811,portsmouth@lsi.edu,"LSI Portsmouth
Park Building
King Henry 1 Street
Portsmouth
PO1 2BZ
England"
LVC London School of English,+44 (0)20 7580 9600,info@lvcenglish.com,"67 Great Russell Street, London, WC1B 3BJ"
Language Gallery (The) Birmingham,+44 (0)121 643 9444,birmingham@languagegallery.com,"The Language Gallery Birmingham, 1 Victoria Square, Birmingham B1 1BD, UK"
Language Gallery (The) London,+44 (0)20 7629 6644,london@thelanguagegallery.com,"19-21 Great Portland Street, London, W1W 8QB"
Language Gallery (The) Nottingham,+44 (0)115 958 6848,nottingham@thelanguagegallery.com,"The Language Gallery Nottingham, 29-31 Friar Lane, Nottingham, NG1 6DA, UK"
Language Institute (The) formerly TLI Edinburgh,,,
Language Training Company (The),+44 (0)1273 325990,info@ltc-english.com,"The Language Training Company, 31a Lansdowne Place, Hove, East Sussex, BN3 1FG"
Language Tree,,,
Language Tuition Nottingham,+44 (0)115 824 0248,info@language-tuition.com,"Language Tuition Nottingham, 18 Oxford Street, Nottingham, NG1 5BG"
Language Vision,,,
Language in Action,,,
LanguageUK,+44 (0)1227 463600,info@languageuk.com,"12-13 Burgate, Canterbury, Kent, CT1 2HG, UK"
Languages United,+44 (0)1225 580058,hello@languagesunited.com,"Languages United, 44 Broad Street, Bath, BA1 5LP, UK"
Leeds English Language School,+44 (0)113 243 9662,info@leedsenglish.com,"Leeds English Language School, 4 Burton Place, Leeds LS6 2DT, UK"
Leeds Language College,+44 (0)113 243 9666,info@leedslanguagecollege.com,"Leeds Language College, 1st Floor, 12 Park Place, Leeds, LS1 2RU, UK"
Lewis School of English,+44 (0)23 8033 3344,info@lewis-school.co.uk,"Shirley Road, Southampton, SO15 3JD"
Lexis School of English,+44 (0)29 2022 3322,enquiries@lexiscardiff.com,"Lexis School of English, 14-16 Churchill Way, Cardiff, CF10 2DX, UK"
Lines Languages Ltd.,,,
Live Language,+44 (0)141 332 7520,learn@livelanguage.co.uk,"225 Bath Street, Glasgow, G2 4GZ"
Liverpool School of English,+44 151 727 2608,info@lse.uk.net,"Liverpool School of English
25-27 Hardman Street
Liverpool
L1 9AS"
Living Learning English,+44 (0)1423 797050,info@livinglearningenglish.com,"7 Montpellier Parade, Harrogate, North Yorkshire, HG1 2TJ"
London House School of English,+44 (0)20 7242 1851,info@londonhouseschool.com,"London House School of English, 139 Oxford Street, London, W1D 2JA"
London School of English (The),+44 (0)20 7242 3131,info@londonschool.com,"Holland Park Gardens, London, W14 8DZ, UK"
Loxdale English Centre,+44 (0)1273 724424,info@loxdale.com,"75-77 Grand Parade, Brighton, BN2 9JA, UK"
Malvern House,+44 20 7836 5444,info@malvernhouse.com,"Malvern House
20 Bloomsbury Square
London
WC1A 2NS"
Manchester Metropolitan University,+44 (0)161 247 2000,,"Manchester Metropolitan University, All Saints Building, Oxford Road, Manchester, M15 6BH"
Manor Courses,+44 (0)1730 812333,info@manorcourses.co.uk,"Manor Courses, Nyewoods, Rogate, Petersfield, Hampshire, GU31 5HU, UK"
Marcus Evans Linguarama London,+44 (0)20 7486 9631,london@linguarama.com,"Marcus Evans Linguarama London, 22 Berners Street, London, W1T 3DD, UK"
Melton College,+44 (0)1904 423344,info@meltoncollege.co.uk,"Melton College, Holgate Road, York, YO24 4AB"
Meridian School of English,+44 (0)1752 252444,info@meridianenglish.com,"Meridian School of English, 42 Mutley Plain, Plymouth, Devon PL4 6LE, UK"
Mill Hill Summer School,,,
Millfield English Language Holiday Courses,,,
Move Language Ahead (MLA),,,
NCG - Liverpool,+44 151 255 1755,liverpool@ncg.ac,"NCG - Liverpool
Hope Street
Liverpool
L1 9BQ"
NCG - Manchester,+44 (0)161 236 1986,manchester@ncg.ac,"51 Portland Street, Manchester, M1 3LD"
Nacel English School,+44 (0)20 7354 3131,info@nacelschoollondon.com,"Nacel English School London, 72 Margaret Street, Fitzrovia, London, W1W 8SR"
New College Durham,,,
Newcastle International School NIS,+44 (0)191 261 2496,info@newcastleis.com,"35-39 Grainger Street, Newcastle upon Tyne, NE1 5JE"
North West Academy of English,+44 (0)161 236 2477,info@nwae.co.uk,"North West Academy of English, 71 Princess Street, Manchester, M2 4EQ, UK"
Norwich Institute for Language Education (NILE),+44 (0)1603 214600,enquiries@nile-elt.com,"Delta Place, 27 Norwich Research Park, Norwich, NR4 7UB"
Norwich Study Centre,+44 (0)1603 660033,study@norwichstudycentre.co.uk,"Norwich Study Centre, 41 Park Lane, Norwich NR2 3EF, UK"
Nottingham Trent University (NILIC),+44 (0)115 848 5294,nilic@ntu.ac.uk,"Nottingham Trent University (NILIC)
50 Shakespeare Street
Nottingham
NG1 4FQ"
ODILS learning Foundation (formerly Open Doors International Language School),+44 (0)1273 697323,info@odils.org,"12-14 York Place, Brighton, BN1 4GU"
OISE Oxford,+44 (0)1865 249223,enquiries@oise.com,"19-21 George Street, Oxford, OX1 2AU, UK"
OISE at Cambridge (Formerly Regent and OISE Cambridge) Regent ,+44 (0)1223 300800,cambridge@oise.com,"OISE Cambridge, 19 Trumpington Street, Cambridge, CB2 1QA, UK"
OISE at Newbury Hall,+44 (0)1635 847000,enquiries@oise.com,"Newbury Hall, Newbury, Berkshire, RG20 5JA"
OME School of English,+44 1865 245757,info@ome-english.com,"OME School of English
49 High Street
Wheatley
Oxford
OX33 1XT"
Our World English Schools,,,
Oxford English Centre (The),+44 (0)1865 249220,info@oxfordenglish.co.uk,"The Oxford English Centre, 67 George Street, Oxford, OX1 2BQ, UK"
Oxford House College,+44 (0)20 7255 4400,info@oxfordhousecollege.co.uk,"Oxford House College, 55-59 New Oxford Street, London, WC1A 1BS"
Oxford International,+44 (0)1865 261590,info@oxfordinternational.com,"4 King Edward Street, Oxford, OX1 4HS"
Oxford International Junior Programmes,,,
Oxford International Language School,+44 (0)1865 243333,info@oxfordinternational.com,"Oxford International Language School, 4 King Edward Street, Oxford, OX1 4HS"
Oxford Royale Academy,+44 (0)1865 766262,admissions@oxfordroyale.co.uk,"Oxford Royale Academy, 45-47 Park End Street, Oxford OX1 1JD, UK"
Oxford School of English,+44 (0)1865 248484,info@oxfordschool.net,"George Street, Oxford, OX1 2PB"
PGL Travel Ltd,+44 (0)333 321 2140,enquiries@pgl.co.uk,"PGL Travel Ltd, Alton Court, Penyard Lane, Alton, Ross-on-Wye, Herefordshire HR9 5GL, UK"
PLUS Ltd,,,
Padworth College,+44 (0)118 983 2644,enquiries@padworth.com,"Padworth, Reading, Berkshire, RG7 4NR"
Peartree English Language Experience and Action,+44 7738 640872,info@peartree-english.co.uk,"Peartree English Language Experience and Action
Unit 1, Shipton Mill
Shipton Gorge
DT6 4LY"
Peartree Languages,+44 (0)1904 621550,info@peartreelanguages.com,"Peartree Languages, 13 Ogleforth, York, YO1 7FG, UK"
Pilgrims,+44 (0)1227 760022,info@pilgrims.co.uk,"Pilgrims House, 8 Vernon Place, Canterbury, Kent CT1 3HG, UK"
Plymouth Marjon University,+44 1752 636700,admissions@marjon.ac.uk,"Derriford Rd, Plymouth, Devon, PL6 8BH, UK"
Preston Academy of English,+44 (0)1772 556688,info@prestonacademy.co.uk,"Preston Academy of English, 12 St. Wilfrid Street, Preston PR1 2US, UK"
Professional Language Solutions,+44 161 835 2020,enquiries@professional-language.com,"Professional Language Solutions
Suite 704, 7th Floor
City Tower
Piccadilly Plaza
Manchester
M1 4BT"
QA Higher Education,+44 20 3929 1340,admissions@qa.com,"QA Higher Education
110 High Holborn
London
WC1V 6JS"
Queen's English Language School,+44 (0)20 7224 0737,info@queensenglish.co.uk,"Queen's English Language School, 51 Queen's Gardens, London, W2 3AF, UK"
Ratcliffe College,+44 1509 817000,enquiries@ratcliffecollege.com,"Ratcliffe College
Leicester
LE7 4SG"
Regent,+44 (0)20 7224 2000,enquiries@regent.org.uk,"Regent London, 21-23 Oxford Street, London, W1D 2DW, UK"
Regent’s University London,+44 (0)20 7487 7400,enquiries@regents.ac.uk,"Regent’s University London
Inner Circle
Regent’s Park
London
NW1 4NS"
Riversdown House,+44 1962 771111,enquiries@riversdown.net,"Riversdown House
Warnford
Near Winchester
Hampshire
SO32 3LH"
Rose of York Language School Ltd,+44 (0)20 7255 1155,info@roseofyork.london,"Rose of York Language School Ltd, 207 Hoxton Street, London, N1 5LG, UK"
SCL International College - Stay Campus London,+44 (0)20 7637 3246,info@scl-international.com,"SCL International College - Stay Campus London, 10 Great Russell Street, London, WC1B 3BQ, UK"
SKOLA English in London,+44 (0)20 7387 7575,info@skola.co.uk,"SKOLA, 52 Gloucester Place, London, W1U 8HL, UK"
STAR Exeter,+44 (0)1392 436936,info@starexeter.co.uk,"STAR Exeter, 2 Victoria Park Road, Exeter, Devon, EX2 4NT"
School of Coding & AI,,info@schoolofcoding.co.uk,"Nottingham, UK"
Select English,+44 (0)1223 360940,enquiries@selectenglish.co.uk,"Select English, 79-81 Regent Street, Cambridge, CB2 1AW, UK"
Select English Summer Courses,,,
Severnvale Academy,+44 (0)1743 359922,info@severnvale.co.uk,"Severnvale Academy, London Road, Shrewsbury, Shropshire, SY2 6PR"
Sheffield College (The),+44 (0)114 260 2600,info@sheffcol.ac.uk,"Sheffield College, Granville Road, Sheffield S2 2RL, UK"
Sheffield Hallam University,+44 (0)114 225 5555,enquiries@shu.ac.uk,"City Campus, Howard Street, Sheffield, S1 1WB"
Sherborne International,+44 1935 810518,enquiries@sherborne-international.org,"Sherborne International
Newell Grange
Sherborne
Dorset
DT9 4EZ"
Sidmouth International School,+44 (0)1395 514141,info@sidmouthinternational.com,"9-11 Primley Road, Sidmouth, Devon, EX10 9LG"
South and City College Birmingham (SCCB),+44 (0)121 694 5000,international@sccb.ac.uk,"South and City College Birmingham, Digbeth Campus, Bradford Street, Birmingham, B5 6DY, UK"
Southbourne School of English,+44 1202 441448,info@southbourneschool.co.uk,"Southbourne School of English
30 Beaufort Road
Bournemouth
Dorset
BH6 5AL"
Speak Up London,+44 (0)20 7580 9345,info@speakup.london,"Speak Up London, 76 Mortimer Street, London, W1W 7SA"
Speakeasy School of English,+44 (0)131 622 1718,hello@speakeasy.co.uk,"Speakeasy School of English, 22a Stafford Street, Edinburgh EH3 7BD, UK"
Spinnaker School of English,+44 (0)23 9281 6688,info@spinnaker.ac,"111-113 Elm Grove, Southsea, Portsmouth, PO5 1LN, UK"
St Andrew's College Language Schools,,,
St Clare's,+44 (0)1865 552031,enquiries@stclares.ac.uk,"139 Banbury Road, Oxford, OX2 7AL, UK"
St Giles Juniors UK,+44 (0)1273 227733,juniors@stgiles.co.uk,"St Giles Juniors UK, 139 Eastern Road, Brighton, BN2 0AH"
St. Brelade's College,+44 (0) 1534 739990,info@stbreladescollege.co.uk,"Le Clos de Lecq, St. Ouen, Jersey, JE3 2FB, Channel Islands"
St. Edmund's College Summer School,,,
St. Giles International,+44 (0)20 7636 1444,london@stgiles.co.uk,"75 Euston Road, London, NW1 2QS, UK"
Stafford House School of English,+44 20 7839 3881,info@staffordhouse.com,"Stafford House School of English
Southampton Place
London
WC1A 2BP"
Stafford House School of English Cambridge,+44 (0)1223 360944,cambridge@staffordhouse.com,"3 Brookside, Cambridge, CB2 1JE"
Stafford House Study Holidays  Multicentre (Head office - Canterbury,+44 (0)1227 787720,info@staffordhouse.com,"Stafford House Canterbury, 68 St. George's Lane, Canterbury, Kent, CT1 2LE, UK"
Studio Cambridge English Language Courses,+44 (0)1223 369701,enquiries@studiocambridge.co.uk,"Studio Cambridge, 6 Salisbury Villas, Station Road, Cambridge, CB1 2JF"
Studio Cambridge English Language and Activity Programmes,+44 (0)1223 366033,info@studiocambridge.co.uk,"Studio Cambridge, 6 Salisbury Villas, Station Road, Cambridge, CB1 2JF, UK"
Summer Boarding Courses,+44 (0)1243 538444,info@summerboardingcourses.co.uk,"Seaford College, Petworth, West Sussex, GU28 0NB"
Summers Abroad,,,
Suzanne Sparrow (Plymouth) Language School Ltd. Plymouth ,+44 1752 224949,info@sparrows.co.uk,"27a Houndiscombe Road, Plymouth, Devon, PL4 6EU"
Swansea University ELTS,+44 (0)1792 602060,elts@swansea.ac.uk,"Singleton Park, Swansea, SA2 8PP, UK"
TASIS The American School in England Summer Programs,+44 (0)1932 582343,summer@tasisengland.org,"Coldharbour Lane, Thorpe, Surrey, TW20 8TE"
Target English International,+44 (0)1273 728181,info@targetenglish.com,"Target English International, 14-17 Middle Street, Brighton, East Sussex BN1 1AL, UK"
The English Experience (UK) Ltd.,+44 (0)1793 750066,info@english-experience.com,"The English Experience (UK) Ltd., The Old School House, High Street, Wanborough, Swindon, Wiltshire, SN4 0AA, UK"
The Essential English Centre,+44 (0)1424 436 864,info@essentialenglish.co.uk,"25-27 Cambridge Gardens, Hastings, East Sussex, TN34 1EN, UK"
The Vici Language Academy,,,
TopUp Learning (Tti School of English),+44 (0)20 7224 1633,info@ttischool.com,"Tti School of English, 14 Inverness Street, London, NW1 7HJ, UK"
Twin English Centre Eastbourne,+44 (0)1323 412288,eastbourne@twinuk.com,"Twin English Centre Eastbourne, 10 Saffrons Road, Eastbourne, East Sussex, BN21 1DG, UK"
Twin English Centre London,+44 (0)20 7937 7761,london@twinuk.com,"309-317 Oxford Street, London, W1C 2JB"
UHI Perth,+44 1738 877000,enquiries.perth@uhi.ac.uk,"UHI Perth
Crieff Road
Perth
PH1 2NX"
UK College of English (UKCE),+44 (0)20 7242 7377,info@ukce.com,"21 Bloomsbury Square, London, WC1A 2NS, UK"
UK Language Courses (UKLC),+44 (0)330 133 4444,info@uklc.co.uk,"UK Language Courses, Head Office, 86 High Street, Thame, Oxfordshire, OX9 3EH"
UKG Languages,,,
University of Bedfordshire,+44 (0)1582 489000,admission@beds.ac.uk,"University Square, Luton, Bedfordshire, LU1 3JU"
University of Birmingham - Birmingham International Academy,+44 (0)121 414 3833,bia@contacts.bham.ac.uk,"University of Birmingham, Birmingham International Academy, Edgbaston, Birmingham, B15 2TT, UK"
University of Bradford,+44 1274 233004,enquiries@bradford.ac.uk,"University of Bradford
Richmond Road
Bradford
BD7 1DP"
University of Chichester,+44 (0)1243 816000,enquiries@chi.ac.uk,"College Lane, Chichester, West Sussex, PO19 6PE"
University of Dundee,+44 (0)1382 383000,,"University of Dundee, Nethergate, Dundee, DD1 4HN"
University of Greenwich,+44 (0)20 8331 8000,courseinfo@gre.ac.uk,"30 Park Row, Greenwich, London SE10 9LS, UK"
University of Leicester,+44 (0)116 252 2522,,"University of Leicester, University Road, Leicester, LE1 7RH"
University of Manchester,+44 (0)161 306 6000,,"Oxford Rd, Manchester M13 9PL, UK"
University of Nottingham,+44 (0)115 951 5559,international-office@nottingham.ac.uk,"University of Nottingham
University Park
Nottingham
NG7 2RD"
University of Portsmouth Pre-sessional English Unit (PSE Unit),+44 (0)23 9284 3486,pse@port.ac.uk,"University of Portsmouth Pre-sessional English Unit (PSE Unit), University House, Winston Churchill Avenue, Portsmouth PO1 2UP, UK"
University of Salford English Language Centre,+44 (0)161 295 6144,english-language@salford.ac.uk,"University of Salford English Language Centre, University House, Salford, Greater Manchester M5 4WT, UK"
University of Sheffield ELTC,+44 (0)114 222 1070,eltc@sheffield.ac.uk,"The University of Sheffield ELTC, 38 Victoria Street, Sheffield, S3 7QB, UK"
University of Worcester,+44 (0)1905 855099,internationalenquiries@worc.ac.uk,"University of Worcester, Henwick Grove, Worcester WR2 6AJ, UK"
Vacational Studies,,,
WE Bridge Academy,+44 (0)29 2022 1331,info@webridge.co.uk,"WE Bridge Academy, Sophia House, 28 Cathedral Road, Cardiff, CF11 9LJ, UK"
West College Scotland,,,
West London College (formerly Ealing,+44 (0)20 8574 2442,info@wlc.ac.uk,"West London College, Gliddon Road, London, W14 9BL"
West London English School,+44 (0)20 8567 0493,info@westlondonenglish.com,"West London English School, 28A High Street, Ealing, London, W5 5DB, UK"
Westbourne Academy,+44 (0)1202 397799,info@westbourneacademy.com,"Westbourne Academy, 26-28 Alum Chine Road, Bournemouth, Dorset, BH4 8ND, UK"
Westerfield College,,,
Weymouth English Centre,+44 (0)1305 770777,info@weymouthenglishcentre.co.uk,"Weymouth English Centre, 133 Abbotsbury Road, Weymouth, Dorset, DT4 0LY"
Wimbledon School of English,+44 (0)20 8947 9921,courses@wimbledon-school.ac.uk,"41 Worple Road, Wimbledon, London, SW19 4JZ, UK"
Wimbledon School of English Young Learners,,,
Windsor English,+44 1753 622261,info@windsorenglish.co.uk,"Windsor English
42a High Street
Datchet
Slough
Berkshire
SL3 9EH"
York Associates,+44 (0) 1904 624141,info@york-associates.com,"York Associates, 17 High Petergate, York YO1 7EN, UK"
Yorkshire College,,,
Yorkshire English School (YES),+44 (0)1904 625933,info@yorkshire-english.com,"Yorkshire English School, 42 Goodramgate, York, YO1 7LF, UK"
